格子,時間,動作,部位,價格,換算那斯達克,合約,備註,時間戳
A,2026/10/06 00:00,起算持有,多,753.84,30945.13,QQQUSDT,起算時已有的部位，以起算時價格計,1791216000000
A,2026/10/06 10:33,平多→開空,空,756.07,31036.67,QQQUSDT,,1791254010000
A,2026/10/06 14:16,平空→開多,多,757.83,31144.00,QQQUSDT,,1791267390000
A,2026/10/07 03:53,平多→開空,空,760.26,31228.00,QQQUSDT,,1791316380000
A,2026/10/07 13:48,平空→開多,多,760.17,31221.00,QQQUSDT,,1791352080000
A,2026/10/07 15:34,平多→開空,空,758.8,31173.00,QQQUSDT,,1791358470000
A,2026/10/07 23:13,平空→開多,多,756.08,31047.00,QQQUSDT,,1791386010000
A,2026/10/08 08:44,平多→開空,空,757.9,31130.00,QQQUSDT,,1791420270000
A,2026/10/08 10:33,平空→開多,多,759.99,31216.00,QQQUSDT,,1791426780000
A,2026/10/08 11:52,平多→開空,空,757.77,31125.00,QQQUSDT,,1791431550000
A,2026/10/08 21:34,平空→開多,多,755.54,31031.00,QQQUSDT,,1791466470000
A,2026/10/08 23:39,平多→開空,空,753.84,30971.00,QQQUSDT,,1791473940000
A,2026/10/09 04:59,平空→開多,多,749.63,30778.00,QQQUSDT,,1791493140000
A,2026/10/09 20:51,平多→開空,空,753.17,30914.00,QQQUSDT,,1791550260000
A,2026/10/10 02:51,平空→開多,多,753.03,30902.00,QQQUSDT,,1791571860000
A2,2026/10/06 00:00,起算持有,多,753.84,30949.62,QQQUSDT,起算時已有的部位，以起算時價格計,1791216000000
A2,2026/10/06 09:40,平多→開空,空,756.37,31053.50,QQQUSDT,,1791250830000
A2,2026/10/06 12:23,平空→開多,多,757.28,31090.86,QQQUSDT,,1791260580000
A2,2026/10/06 20:41,平多→開空,空,759.97,31201.30,QQQUSDT,,1791290490000
A2,2026/10/06 21:27,平空→開多,多,761.23,31253.03,QQQUSDT,,1791293250000
A2,2026/10/06 21:33,平多→開空,空,760.3,31214.85,QQQUSDT,,1791293610000
A2,2026/10/06 21:56,平空→開多,多,761.27,31254.67,QQQUSDT,,1791294960000
A2,2026/10/06 22:30,平多→開空,空,760.23,31211.97,QQQUSDT,,1791297000000
A2,2026/10/06 22:44,平空→開多,多,762.11,31289.16,QQQUSDT,,1791297840000
A2,2026/10/07 00:19,平多→開空,空,761.41,31260.42,QQQUSDT,,1791303540000
A2,2026/10/07 11:52,平空→開多,多,760,31227.00,QQQUSDT,,1791345120000
A2,2026/10/07 15:17,平多→開空,空,759.11,31186.00,QQQUSDT,,1791357420000
A2,2026/10/07 21:58,平空→開多,多,754.55,30991.00,QQQUSDT,,1791381480000
A2,2026/10/08 08:41,平多→開空,空,758.14,31142.00,QQQUSDT,,1791420060000
A2,2026/10/08 09:35,平空→開多,多,759.63,31202.00,QQQUSDT,,1791423330000
A2,2026/10/08 11:14,平多→開空,空,758.35,31148.00,QQQUSDT,,1791429270000
A2,2026/10/08 16:18,平空→開多,多,755.85,31040.00,QQQUSDT,,1791447510000
A2,2026/10/08 18:23,平多→開空,空,754.11,30971.00,QQQUSDT,,1791454980000
A2,2026/10/08 20:30,平空→開多,多,754,30952.00,QQQUSDT,,1791462600000
A2,2026/10/08 22:54,平多→開空,空,755.53,31029.00,QQQUSDT,,1791471240000
A2,2026/10/09 00:17,平空→開多,多,755.74,31045.00,QQQUSDT,,1791476250000
A2,2026/10/09 00:47,平多→開空,空,752.43,30909.00,QQQUSDT,,1791478050000
A2,2026/10/09 01:42,平空→開多,多,747.47,30684.00,QQQUSDT,,1791481320000
A2,2026/10/09 18:41,平多→開空,空,753.92,30954.00,QQQUSDT,,1791542490000
A2,2026/10/09 20:04,平空→開多,多,755,30979.00,QQQUSDT,,1791547440000
A2,2026/10/09 20:36,平多→開空,空,753.68,30936.00,QQQUSDT,,1791549390000
A2,2026/10/09 21:17,平空→開多,多,754.76,30986.00,QQQUSDT,,1791551850000
A2,2026/10/09 21:30,平多→開空,空,752.77,30899.00,QQQUSDT,,1791552630000
A2,2026/10/09 22:57,平空→開多,多,751.77,30860.00,QQQUSDT,,1791557850000
B,2026/10/06 22:36,起算,空手,31276,,xyz:XYZ100,起算時空手,1791297360000
B,2026/10/07 03:53,開空,空,31228,,xyz:XYZ100,,1791316380000
B,2026/10/07 23:36,平空→開多,多,31074,,xyz:XYZ100,,1791387360000
B,2026/10/08 08:42,平多→開空,空,31139,,xyz:XYZ100,,1791420120000
B,2026/10/08 10:33,平空→開多,多,31216,,xyz:XYZ100,,1791426780000
B,2026/10/08 11:53,平多→開空,空,31124,,xyz:XYZ100,,1791431580000
B,2026/10/08 22:18,平空→開多,多,31045,,xyz:XYZ100,,1791469080000
B,2026/10/08 23:54,平多→開空,空,30960,,xyz:XYZ100,,1791474840000
B,2026/10/09 05:56,平空→開多,多,30770,,xyz:XYZ100,,1791496560000
B,2026/10/09 20:53,平多→開空,空,30911,,xyz:XYZ100,,1791550380000
B,2026/10/10 03:26,平空→開多,多,30911,,xyz:XYZ100,,1791573960000
B,2026/10/10 14:45,平多→開空,空,30949,,xyz:XYZ100,,1791614700000
B,2026/10/10 18:55,平空→開多,多,30919,,xyz:XYZ100,,1791629700000
B,2026/10/10 21:16,平多→開空,空,30897,,xyz:XYZ100,,1791638160000
B,2026/10/10 22:47,平空→開多,多,30929,,xyz:XYZ100,,1791643620000
C,2026/08/15 00:00,起算持有,多,30341.2,,2026-12 合約,起算時已有的部位，以起算時價格計,1786723200000
C,2026/08/18 09:42,平多,空手,30320,,2026-12 合約,,1787017320000
C,2026/09/21 09:00,開多,多,30112.2,,2026-12 合約,,1789952400000
D,2026/08/15 00:00,起算持有,多,4395.93,,XAUUSDT,起算時已有的部位，以起算時價格計,1786723200000
D,2026/09/02 09:44,平多→開空,空,4303.06,,XAUUSDT,,1788313440000
